Country_Region,Age,Values
Albania,Total,2870324.0
Albania,< 30,1202786.0
Albania,30s,359276.0
Albania,40s,346046.0
Albania,50s,399874.0
Albania,60s,304201.0
Albania,70s,185708.0
Albania,80+,72433.0
Algeria,Total,34080030.0
Algeria,< 30,20373118.628876954
Algeria,30s,5083774.939747456
Algeria,40s,3647763.475420714
Algeria,50s,2409272.2884388515
Algeria,60s,1342784.7369370828
Algeria,70s,868768.2806359212
Algeria,80+,449646.40315779543
Andorra,Total,76177.0
Andorra,< 30,23221.0
Andorra,30s,11331.0
Andorra,40s,14118.0
Andorra,50s,12718.0
Andorra,60s,7776.0
Andorra,70s,4453.0
Andorra,80+,2560.0
Angola,Total,25789024.0
Angola,< 30,18826481.0
Angola,30s,2886479.0
Angola,40s,1914991.0
Angola,50s,1192488.0
Angola,60s,571541.0
Angola,70s,273111.0
Angola,80+,123931.0
Antigua and Barbuda,Total,96453.0
Antigua and Barbuda,< 30,43135.0
Antigua and Barbuda,30s,14116.0
Antigua and Barbuda,40s,13922.0
Antigua and Barbuda,50s,12410.0
Antigua and Barbuda,60s,7404.0
Antigua and Barbuda,70s,3743.0
Antigua and Barbuda,80+,1723.0
Argentina,Total,44938712.0
Argentina,< 30,21592293.0
Argentina,30s,6429424.0
Argentina,40s,5606795.0
Argentina,50s,4326823.0
Argentina,60s,3510579.0
Argentina,70s,2256624.0
Argentina,80+,1216174.0
Armenia,Total,2972732.0
Armenia,< 30,1225453.0
Armenia,30s,485119.0
Armenia,40s,346671.0
Armenia,50s,399192.0
Armenia,60s,293761.0
Armenia,70s,139246.0
Armenia,80+,83290.0
Australia,Total,24992860.0
Australia,< 30,9810718.0
Australia,30s,3584903.0
Australia,40s,3264783.0
Australia,50s,3058380.0
Australia,60s,2566403.0
Australia,70s,1718337.0
Australia,80+,989336.0
Austria,Total,8822267.0
Austria,< 30,2866660.0
Austria,30s,1187078.0
Austria,40s,1237979.0
Austria,50s,1360002.0
Austria,60s,971747.0
Austria,70s,763435.0
Austria,80+,436385.0
Azerbaijan,Total,9898085.0
Azerbaijan,< 30,4621289.0
Azerbaijan,30s,1659007.0
Azerbaijan,40s,1268583.0
Azerbaijan,50s,1281702.0
Azerbaijan,60s,681707.0
Azerbaijan,70s,247928.0
Azerbaijan,80+,137869.0
Bahamas,Total,381320.0
Bahamas,< 30,182260.0
Bahamas,30s,53850.0
Bahamas,40s,56610.0
Bahamas,50s,46800.0
Bahamas,60s,25570.0
Bahamas,70s,11910.0
Bahamas,80+,4320.0
Bahrain,Total,1503091.0
Bahrain,< 30,677855.0
Bahrain,30s,389709.0
Bahrain,40s,228526.0
Bahrain,50s,130775.0
Bahrain,60s,52827.0
Bahrain,70s,16289.0
Bahrain,80+,7110.0
Bangladesh,Total,144043697.0
Bangladesh,< 30,89523001.0
Bangladesh,30s,20056193.0
Bangladesh,40s,14641735.0
Bangladesh,50s,9053268.0
Bangladesh,60s,6047504.0
Bangladesh,70s,3106439.0
Bangladesh,80+,1615557.0
Barbados,Total,277821.0
Barbados,< 30,110884.0
Barbados,30s,39301.0
Barbados,40s,41478.0
Barbados,50s,36703.0
Barbados,60s,23637.0
Barbados,70s,15617.0
Barbados,80+,10201.0
Belarus,Total,9491823.0
Belarus,< 30,3274485.0
Belarus,30s,1482291.0
Belarus,40s,1291512.0
Belarus,50s,1402423.0
Belarus,60s,1120661.0
Belarus,70s,560451.0
Belarus,80+,360000.0
Belgium,Total,11398589.0
Belgium,< 30,3982496.0
Belgium,30s,1479781.0
Belgium,40s,1513991.0
Belgium,50s,1594245.0
Belgium,60s,1309998.0
Belgium,70s,881301.0
Belgium,80+,638383.0
Belize,Total,322453.0
Belize,< 30,206451.0
Belize,30s,43518.0
Belize,40s,32302.0
Belize,50s,20360.0
Belize,60s,10620.0
Belize,70s,6059.0
Belize,80+,4532.0
Bhutan,Total,727145.0
Bhutan,< 30,412398.0
Bhutan,30s,120729.0
Bhutan,40s,77028.0
Bhutan,50s,53215.0
Bhutan,60s,35365.0
Bhutan,70s,19339.0
Bhutan,80+,12745.0
Bolivia,Total,10059856.0
Bolivia,< 30,6063051.0
Bolivia,30s,1384863.0
Bolivia,40s,1006685.0
Bolivia,50s,727245.0
Bolivia,60s,484396.0
Bolivia,70s,251699.0
Bolivia,80+,150151.0
Bosnia and Herzegovina,Total,3531159.0
Bosnia and Herzegovina,< 30,1266835.0
Bosnia and Herzegovina,30s,501899.0
Bosnia and Herzegovina,40s,502066.0
Bosnia and Herzegovina,50s,535112.0
Bosnia and Herzegovina,60s,376820.0
Bosnia and Herzegovina,70s,257722.0
Bosnia and Herzegovina,80+,90705.0
Brazil,Total,190755799.0
Brazil,< 30,97272772.0
Brazil,30s,29633091.0
Brazil,40s,24842716.0
Brazil,50s,18416623.0
Brazil,60s,11349930.0
Brazil,70s,6305083.0
Brazil,80+,2935584.0
Brunei,Total,393372.0
Brunei,< 30,211737.0
Brunei,30s,70692.0
Brunei,40s,54732.0
Brunei,50s,33825.0
Brunei,60s,13606.0
Brunei,70s,6502.0
Brunei,80+,3151.0
Bulgaria,Total,7050034.0
Bulgaria,< 30,2087843.0
Bulgaria,30s,979421.0
Bulgaria,40s,1067440.0
Bulgaria,50s,945874.0
Bulgaria,60s,967186.0
Bulgaria,70s,663980.0
Bulgaria,80+,338498.0
Cabo Verde,Total,491683.0
Cabo Verde,< 30,311941.0
Cabo Verde,30s,61740.0
Cabo Verde,40s,49803.0
Cabo Verde,50s,30304.0
Cabo Verde,60s,12408.0
Cabo Verde,70s,16100.0
Cabo Verde,80+,9032.0
Cambodia,Total,13395682.0
Cambodia,< 30,8735645.0
Cambodia,30s,1538183.0
Cambodia,40s,1391101.0
Cambodia,50s,881842.0
Cambodia,60s,494450.0
Cambodia,70s,266831.0
Cambodia,80+,90422.0
Canada,Total,37058856.0
Canada,< 30,13090644.0
Canada,30s,5064962.0
Canada,40s,4784619.0
Canada,50s,5304199.0
Canada,60s,4491966.0
Canada,70s,2735126.0
Canada,80+,1587340.0
Chad,Total,11039873.0
Chad,< 30,8260057.039496118
Chad,30s,1115209.497760719
Chad,40s,733376.6390952138
Chad,50s,428499.1169572378
Chad,60s,263172.2725208275
Chad,70s,146866.80118308705
Chad,80+,84914.02364357637
Chile,Total,18726548.0
Chile,< 30,7823007.0
Chile,30s,2837137.0
Chile,40s,2492673.0
Chile,50s,2430505.0
Chile,60s,1724151.0
Chile,70s,967809.0
Chile,80+,902532.0
China,Total,1332810869.0
China,< 30,549638105.0
China,30s,215164162.0
China,40s,230348517.0
China,50s,160065645.0
China,60s,99780564.0
China,70s,56824530.0
China,80+,20989346.0
Costa Rica,Total,5003673.0
Costa Rica,< 30,2259474.0
Costa Rica,30s,735405.0
Costa Rica,40s,610946.0
Costa Rica,50s,603842.0
Costa Rica,60s,445851.0
Costa Rica,70s,229848.0
Costa Rica,80+,118307.0
Croatia,Total,4105493.0
Croatia,< 30,1294181.0
Croatia,30s,552831.0
Croatia,40s,543591.0
Croatia,50s,591011.0
Croatia,60s,555410.0
Croatia,70s,355202.0
Croatia,80+,213404.0
Cuba,Total,11215344.0
Cuba,< 30,3984999.0
Cuba,30s,1368446.5
Cuba,40s,1789664.5
Cuba,50s,1802795.0
Cuba,60s,1123432.5
Cuba,70s,758843.5
Cuba,80+,573648.0
Cyprus,Total,840407.0
Cyprus,< 30,330953.0
Cyprus,30s,131696.0
Cyprus,40s,116968.0
Cyprus,50s,103890.0
Cyprus,60s,81362.0
Cyprus,70s,50491.0
Cyprus,80+,24948.0
Czechia,Total,10610055.0
Czechia,< 30,3335639.0
Czechia,30s,1541809.0
Czechia,40s,1675966.0
Czechia,50s,1317890.0
Czechia,60s,1383116.0
Czechia,70s,928213.0
Czechia,80+,428080.0
Denmark,Total,5781190.0
Denmark,< 30,2082863.0
Denmark,30s,680366.0
Denmark,40s,765356.0
Denmark,50s,791646.0
Denmark,60s,665221.0
Denmark,70s,543591.0
Denmark,80+,259696.0
Djibouti,Total,818159.0
Djibouti,< 30,529784.0
Djibouti,30s,125629.0
Djibouti,40s,79907.0
Djibouti,50s,47026.0
Djibouti,60s,35813.0
Dominica,Total,68913.0
Dominica,< 30,33714.0
Dominica,30s,8536.0
Dominica,40s,9425.0
Dominica,50s,7039.0
Dominica,60s,4652.0
Dominica,70s,3454.0
Dominica,80+,2093.0
Dominican Republic,Total,9445281.0
Dominican Republic,< 30,5435317.0
Dominican Republic,30s,1349795.0
Dominican Republic,40s,1079857.0
Dominican Republic,50s,724649.0
Dominican Republic,60s,454834.0
Dominican Republic,70s,260558.0
Dominican Republic,80+,140271.0
Ecuador,Total,14483499.0
Ecuador,< 30,8440652.0
Ecuador,30s,2006015.0
Ecuador,40s,1569143.0
Ecuador,50s,1126025.0
Ecuador,60s,724576.0
Ecuador,70s,405309.0
Ecuador,80+,211779.0
Egypt,Total,94798827.0
Egypt,< 30,57852249.0
Egypt,30s,13830704.0
Egypt,40s,9545234.0
Egypt,50s,7258467.0
Egypt,60s,4369561.0
Egypt,70s,2406898.0
Egypt,80+,462376.0
El Salvador,Total,6581940.0
El Salvador,< 30,3722967.0
El Salvador,30s,881082.0
El Salvador,40s,716351.0
El Salvador,50s,533641.0
El Salvador,60s,371222.0
El Salvador,70s,233437.0
El Salvador,80+,179082.0
Estonia,Total,1319133.0
Estonia,< 30,435656.0
Estonia,30s,188315.0
Estonia,40s,180698.0
Estonia,50s,172219.0
Estonia,60s,161075.0
Estonia,70s,109172.0
Estonia,80+,72388.0
Eswatini,Total,1018449.0
Eswatini,< 30,723352.0
Eswatini,30s,114623.0
Eswatini,40s,75156.0
Eswatini,50s,47975.0
Eswatini,60s,33569.0
Eswatini,70s,15827.0
Eswatini,80+,13978.0
Ethiopia,Total,73750932.0
Ethiopia,< 30,54003344.0
Ethiopia,30s,7996708.0
Ethiopia,40s,5120284.0
Ethiopia,50s,3061786.0
Ethiopia,60s,2040261.0
Ethiopia,70s,1026736.0
Ethiopia,80+,501813.0
Fiji,Total,884887.0
Fiji,< 30,476800.0
Fiji,30s,133968.0
Fiji,40s,103018.0
Fiji,50s,90618.0
Fiji,60s,51943.0
Fiji,70s,28540.0
Finland,Total,5513130.0
Finland,< 30,1868556.0
Finland,30s,702767.0
Finland,40s,660703.0
Finland,50s,734554.0
Finland,60s,737233.0
Finland,70s,514580.0
Finland,80+,295591.0
France,Total,64812052.0
France,< 30,22751467.0
France,30s,8035336.0
France,40s,8388238.0
France,50s,8532078.0
France,60s,7803284.0
France,70s,5331800.0
France,80+,4162587.0
Gambia,Total,1922950.0
Gambia,< 30,1368748.0
Gambia,30s,236915.0
Gambia,40s,143455.0
Gambia,50s,88486.0
Gambia,60s,85346.0
Georgia,Total,3729633.0
Georgia,< 30,1451499.0
Georgia,30s,524706.0
Georgia,40s,477608.0
Georgia,50s,506374.0
Georgia,60s,410695.0
Georgia,70s,234886.0
Georgia,80+,123865.0
Germany,Total,82792351.0
Germany,< 30,25152920.0
Germany,30s,10453462.0
Germany,40s,10731644.0
Germany,50s,13369561.0
Germany,60s,10086747.0
Germany,70s,7847332.0
Germany,80+,5164879.0
Ghana,Total,24658823.0
Ghana,< 30,16433989.0
Ghana,30s,3100212.0
Ghana,40s,2124448.0
Ghana,50s,1356793.0
Ghana,60s,769720.0
Ghana,70s,557283.0
Ghana,80+,339521.0
Greece,Total,10741165.0
Greece,< 30,3219441.0
Greece,30s,1418805.0
Greece,40s,1619329.0
Greece,50s,1483863.0
Greece,60s,1268304.0
Greece,70s,990552.0
Greece,80+,740871.0
Grenada,Total,111467.0
Grenada,< 30,53240.0
Grenada,30s,13664.0
Grenada,40s,12638.0
Grenada,50s,11060.0
Grenada,60s,6329.0
Grenada,70s,4124.0
Grenada,80+,1914.0
Guatemala,Total,17311085.7991684
Guatemala,< 30,11588340.38312393
Guatemala,30s,2201743.604871909
Guatemala,40s,1434858.1203302508
Guatemala,50s,918742.6996310421
Guatemala,60s,1167400.99121122
Guinea,Total,10523261.0
Guinea,< 30,7496495.0
Guinea,30s,1143059.0
Guinea,40s,766196.0
Guinea,50s,509370.0
Guinea,60s,332162.0
Guinea,70s,180567.0
Guinea,80+,95412.0
Guinea-Bissau,Total,1449230.0
Guinea-Bissau,< 30,1059223.0
Guinea-Bissau,30s,158462.0
Guinea-Bissau,40s,100493.0
Guinea-Bissau,50s,60075.0
Guinea-Bissau,60s,37478.0
Guinea-Bissau,70s,18964.0
Guinea-Bissau,80+,11252.0
Guyana,Total,746955.0
Guyana,< 30,424988.0
Guyana,30s,104578.0
Guyana,40s,91070.0
Guyana,50s,66487.0
Guyana,60s,35348.0
Guyana,70s,17247.0
Guyana,80+,7237.0
Honduras,Total,8303771.481000001
Honduras,< 30,5429371.185209999
Honduras,30s,1052106.6895299999
Honduras,40s,717581.1851600001
Honduras,50s,503964.2989999999
Honduras,60s,325345.01313
Honduras,70s,184972.67247
Honduras,80+,95313.92062999998
Hungary,Total,9778371.0
Hungary,< 30,3115475.0
Hungary,30s,1323506.0
Hungary,40s,1558261.0
Hungary,50s,1207262.0
Hungary,60s,1324480.0
Hungary,70s,821456.0
Hungary,80+,427931.0
Iceland,Total,348450.0
Iceland,< 30,142984.0
Iceland,30s,49155.0
Iceland,40s,44224.0
Iceland,50s,43753.0
Iceland,60s,35378.0
Iceland,70s,20575.0
Iceland,80+,12381.0
India,Total,1210854977.0
India,< 30,705808752.0
India,30s,173735635.0
India,40s,134756439.0
India,50s,88215309.0
India,60s,64118690.0
India,70s,28441345.0
India,80+,11289005.0
Indonesia,Total,237641326.0
Indonesia,< 30,130686073.0
Indonesia,30s,38335816.0
Indonesia,40s,30565834.0
Indonesia,50s,20009891.0
Indonesia,60s,10752792.0
Indonesia,70s,5434236.0
Indonesia,80+,1856684.0
Iran,Total,79926270.0
Iran,< 30,39245674.0
Iran,30s,15638511.0
Iran,40s,10351430.0
Iran,50s,7276564.0
Iran,60s,4254037.0
Iran,70s,2064017.0
Iran,80+,1096037.0
Ireland,Total,4857015.0
Ireland,< 30,1905286.0
Ireland,30s,734160.0
Ireland,40s,711142.0
Ireland,50s,586546.0
Ireland,60s,462269.0
Ireland,70s,299504.0
Ireland,80+,158940.0
Israel,Total,8713268.0
Israel,< 30,4374894.0
Israel,30s,1152735.0
Israel,40s,1018136.0
Israel,50s,799442.0
Israel,60s,711310.0
Israel,70s,404484.0
Israel,80+,252264.0
Italy,Total,60483973.0
Italy,< 30,17213699.0
Italy,30s,7208084.0
Italy,40s,9427258.0
Italy,50s,9212746.0
Italy,60s,7334964.0
Italy,70s,5880222.0
Italy,80+,4207000.0
Jamaica,Total,2728915.0
Jamaica,< 30,1358306.0
Jamaica,30s,400735.0
Jamaica,40s,343960.0
Jamaica,50s,286457.0
Jamaica,60s,179330.0
Jamaica,70s,160127.0
Japan,Total,126529000.0
Japan,< 30,33993000.0
Japan,30s,14717000.0
Japan,40s,18796000.0
Japan,50s,15919000.0
Japan,60s,17125000.0
Japan,70s,14969000.0
Japan,80+,11010000.0
Jordan,Total,9531712.0
Jordan,< 30,5998489.0
Jordan,30s,1385590.0
Jordan,40s,1034340.0
Jordan,50s,594536.0
Jordan,60s,302731.0
Jordan,70s,163979.0
Jordan,80+,104094.0
Kazakhstan,Total,18276452.0
Kazakhstan,< 30,9121369.0
Kazakhstan,30s,2825803.0
Kazakhstan,40s,2232234.0
Kazakhstan,50s,2000061.0
Kazakhstan,60s,1291452.0
Kazakhstan,70s,552974.5
Kazakhstan,80+,252558.5
Kenya,Total,38610097.0
Kenya,< 30,27717749.0
Kenya,30s,4528138.0
Kenya,40s,2748914.0
Kenya,50s,1668159.0
Kenya,60s,984541.0
Kenya,70s,557809.0
Kenya,80+,383701.0
"Korea, South",Total,51606633.0
"Korea, South",< 30,16400577.0
"Korea, South",30s,7467083.0
"Korea, South",40s,8512524.0
"Korea, South",50s,8463461.0
"Korea, South",60s,5749217.0
"Korea, South",70s,3376657.0
"Korea, South",80+,1637114.0
Kuwait,Total,3065850.0
Kuwait,< 30,1532136.0
Kuwait,30s,744423.0
Kuwait,40s,477261.0
Kuwait,50s,211590.0
Kuwait,60s,125056.0
Kuwait,70s,24499.0
Kuwait,80+,7926.0
Kyrgyzstan,Total,6389500.0
Kyrgyzstan,< 30,3692968.0
Kyrgyzstan,30s,953896.0
Kyrgyzstan,40s,671759.0
Kyrgyzstan,50s,570264.0
Kyrgyzstan,60s,328396.0
Kyrgyzstan,70s,109278.0
Kyrgyzstan,80+,62939.0
Latvia,Total,1934379.0
Latvia,< 30,616828.0
Latvia,30s,264821.0
Latvia,40s,262146.0
Latvia,50s,275831.0
Latvia,60s,237452.0
Latvia,70s,173019.0
Latvia,80+,104419.0
Lebanon,Total,3759134.0
Lebanon,< 30,1965309.0
Lebanon,30s,526325.0
Lebanon,40s,441755.0
Lebanon,50s,323275.0
Lebanon,60s,262044.0
Lebanon,70s,176574.0
Lebanon,80+,63852.0
Liberia,Total,3476608.0
Liberia,< 30,2468555.0
Liberia,30s,423168.0
Liberia,40s,274544.0
Liberia,50s,139400.0
Liberia,60s,92637.0
Liberia,70s,48659.0
Liberia,80+,29645.0
Liechtenstein,Total,38201.0
Liechtenstein,< 30,12067.0
Liechtenstein,30s,4886.0
Liechtenstein,40s,5705.0
Liechtenstein,50s,6211.0
Liechtenstein,60s,4636.0
Liechtenstein,70s,3221.0
Liechtenstein,80+,1415.0
Lithuania,Total,2808901.0
Lithuania,< 30,919678.0
Lithuania,30s,346610.0
Lithuania,40s,381161.0
Lithuania,50s,431278.0
Lithuania,60s,333514.0
Lithuania,70s,238137.0
Lithuania,80+,158523.0
Luxembourg,Total,602005.0
Luxembourg,< 30,212795.0
Luxembourg,30s,93391.0
Luxembourg,40s,91457.0
Luxembourg,50s,85824.0
Luxembourg,60s,58477.0
Luxembourg,70s,36305.0
Luxembourg,80+,23832.0
Malaysia,Total,32384982.0
Malaysia,< 30,17089615.0
Malaysia,30s,5306826.0
Malaysia,40s,3719818.0
Malaysia,50s,3038302.0
Malaysia,60s,1975038.0
Malaysia,70s,911113.0
Malaysia,80+,344270.0
Maldives,Total,533941.443214532
Maldives,< 30,283538.04127827333
Maldives,30s,122193.12237698957
Maldives,40s,62425.07180229884
Maldives,50s,36364.863500174724
Maldives,60s,17339.02880434171
Maldives,70s,8068.043271936052
Maldives,80+,4012.7872497884205
Mali,Total,14528662.0
Mali,< 30,10418963.0
Mali,30s,1464747.0
Mali,40s,992490.0
Mali,50s,664483.0
Mali,60s,416392.0
Mali,70s,210483.0
Mali,80+,85594.0
Malta,Total,475701.0
Malta,< 30,160138.0
Malta,30s,75127.0
Malta,40s,61835.0
Malta,50s,59051.0
Malta,60s,59335.0
Malta,70s,40276.0
Malta,80+,19939.0
Mauritania,Total,3537368.0
Mauritania,< 30,2485496.0
Mauritania,30s,392482.0
Mauritania,40s,276149.0
Mauritania,50s,184210.0
Mauritania,60s,109294.0
Mauritania,70s,60197.0
Mauritania,80+,29540.0
Mauritius,Total,1265303.0
Mauritius,< 30,518323.0
Mauritius,30s,182428.0
Mauritius,40s,172181.0
Mauritius,50s,180356.0
Mauritius,60s,131091.0
Mauritius,70s,56580.0
Mauritius,80+,24344.0
Mexico,Total,126577691.0
Mexico,< 30,65598942.0
Mexico,30s,18616022.0
Mexico,40s,16029594.0
Mexico,50s,12397632.0
Mexico,60s,7878236.0
Mexico,70s,4082445.0
Mexico,80+,1974820.0
Moldova,Total,2706049.0
Moldova,< 30,1020041.0
Moldova,30s,416064.0
Moldova,40s,341298.0
Moldova,50s,376707.0
Moldova,60s,351174.0
Moldova,70s,137631.0
Moldova,80+,63132.0
Monaco,Total,37307.999994416
Monaco,< 30,8923.122344205
Monaco,30s,3161.5288689339995
Monaco,40s,3855.0009452249997
Monaco,50s,5287.794748626
Monaco,60s,4867.3548589229995
Monaco,70s,4514.593664833001
Monaco,80+,6698.60456367
Mongolia,Total,3208189.0
Mongolia,< 30,1763291.0
Mongolia,30s,531995.0
Mongolia,40s,408995.5
Mongolia,50s,294755.5
Mongolia,60s,132639.5
Mongolia,70s,55626.0
Mongolia,80+,20886.5
Montenegro,Total,622359.0
Montenegro,< 30,233706.0
Montenegro,30s,90781.0
Montenegro,40s,82155.0
Montenegro,50s,83322.0
Montenegro,60s,74310.0
Montenegro,70s,38487.0
Montenegro,80+,19611.0
Mozambique,Total,20252223.0
Mozambique,< 30,14717617.0
Mozambique,30s,2289141.0
Mozambique,40s,1405501.0
Mozambique,50s,917188.0
Mozambique,60s,541337.0
Mozambique,70s,270077.0
Mozambique,80+,111362.0
Namibia,Total,2113077.0
Namibia,< 30,1401824.0
Namibia,30s,273985.0
Namibia,40s,178591.0
Namibia,50s,109374.0
Namibia,60s,71909.0
Namibia,70s,41333.0
Namibia,80+,36061.0
Nepal,Total,26494504.0
Nepal,< 30,16617651.0
Nepal,30s,3339624.0
Nepal,40s,2559080.0
Nepal,50s,1823739.0
Nepal,60s,1311276.0
Nepal,70s,630288.0
Nepal,80+,212846.0
Netherlands,Total,17181084.0
Netherlands,< 30,5985594.0
Netherlands,30s,2078145.0
Netherlands,40s,2307135.0
Netherlands,50s,2491356.0
Netherlands,60s,2079275.0
Netherlands,70s,1460665.0
Netherlands,80+,778914.0
New Zealand,Total,4885570.0
New Zealand,< 30,1997170.0
New Zealand,30s,628370.0
New Zealand,40s,615530.0
New Zealand,50s,625520.0
New Zealand,60s,509190.0
New Zealand,70s,333670.0
New Zealand,80+,176080.0
Niger,Total,17138707.0
Niger,< 30,12974695.0
Niger,30s,1627346.0
Niger,40s,1081951.0
Niger,50s,696880.0
Niger,60s,414139.0
Niger,70s,244485.0
Niger,80+,132151.0
North Macedonia,Total,2075301.0
North Macedonia,< 30,763779.0
North Macedonia,30s,323960.0
North Macedonia,40s,296101.0
North Macedonia,50s,281173.0
North Macedonia,60s,233258.0
North Macedonia,70s,125520.0
North Macedonia,80+,52421.0
Norway,Total,5295619.0
Norway,< 30,1974838.0
Norway,30s,708384.0
Norway,40s,735068.0
Norway,50s,680725.0
Norway,60s,572322.0
Norway,70s,401530.0
Norway,80+,222752.0
Oman,Total,2773479.0
Oman,< 30,1725788.0
Oman,30s,512347.0
Oman,40s,275503.0
Oman,50s,146220.0
Oman,60s,65087.0
Oman,70s,33077.0
Oman,80+,15457.0
Pakistan,Total,149860388.0
Pakistan,< 30,104018342.6653122
Pakistan,30s,16784741.86822807
Pakistan,40s,13054144.39558623
Pakistan,50s,8130292.143049501
Pakistan,60s,4972174.40856117
Pakistan,70s,2118244.317502418
Pakistan,80+,782448.201760228
Panama,Total,4218808.0
Panama,< 30,2124907.0
Panama,30s,607864.0
Panama,40s,549248.0
Panama,50s,426535.0
Panama,60s,273752.0
Panama,70s,152945.0
Panama,80+,124757.0
Peru,Total,29381884.0
Peru,< 30,15071585.0
Peru,30s,4379777.0
Peru,40s,3660378.0
Peru,50s,2772568.0
Peru,60s,1846407.0
Peru,70s,1078066.0
Peru,80+,573103.0
Philippines,Total,100979303.0
Philippines,< 30,60174919.0
Philippines,30s,14084581.0
Philippines,40s,11133653.0
Philippines,50s,8037381.0
Philippines,60s,4677308.0
Philippines,70s,2079178.0
Philippines,80+,792283.0
Poland,Total,37976687.0
Poland,< 30,12496426.0
Poland,30s,6123193.0
Poland,40s,5241089.0
Poland,50s,4866444.0
Poland,60s,5095197.0
Poland,70s,2516659.0
Poland,80+,1637679.0
Portugal,Total,10291027.0
Portugal,< 30,3066564.0
Portugal,30s,1296718.0
Portugal,40s,1579162.0
Portugal,50s,1476210.0
Portugal,60s,1278985.0
Portugal,70s,946500.0
Portugal,80+,646888.0
Qatar,Total,2760170.0
Qatar,< 30,1188727.0
Qatar,30s,886212.0
Qatar,40s,443236.0
Qatar,50s,175459.0
Qatar,60s,50049.0
Qatar,70s,12288.0
Qatar,80+,4199.0
Romania,Total,19530631.0
Romania,< 30,6340634.0
Romania,30s,2755849.0
Romania,40s,3150010.0
Romania,50s,2382990.0
Romania,60s,2538635.0
Romania,70s,1478394.0
Romania,80+,884119.0
Russia,Total,143201730.0
Russia,< 30,53569774.0
Russia,30s,21650532.0
Russia,40s,19235579.0
Russia,50s,21796855.0
Russia,60s,12709367.0
Russia,70s,9853932.0
Russia,80+,4385691.0
Rwanda,Total,10515973.0
Rwanda,< 30,7397637.0
Rwanda,30s,1270550.0
Rwanda,40s,756416.0
Rwanda,50s,579632.0
Rwanda,60s,278892.0
Rwanda,70s,152513.0
Rwanda,80+,115652.0
Saint Lucia,Total,178695.66126381603
Saint Lucia,< 30,76777.1151685273
Saint Lucia,30s,28618.0153175459
Saint Lucia,40s,25699.8259474882
Saint Lucia,50s,22803.6207809826
Saint Lucia,60s,13887.44924734985
Saint Lucia,70s,7448.63480192235
Saint Lucia,80+,3461.0
Saint Vincent and the Grenadines,Total,110607.63636363599
Saint Vincent and the Grenadines,< 30,54459.095439773955
Saint Vincent and the Grenadines,30s,15614.452196703041
Saint Vincent and the Grenadines,40s,14814.38942304756
Saint Vincent and the Grenadines,50s,11732.713823882452
Saint Vincent and the Grenadines,60s,6749.2545242736705
Saint Vincent and the Grenadines,70s,4571.81689797253
Saint Vincent and the Grenadines,80+,2665.91405798321
San Marino,Total,34453.0
San Marino,< 30,9828.0
San Marino,30s,4094.0
San Marino,40s,6064.0
San Marino,50s,5769.0
San Marino,60s,3874.0
San Marino,70s,2937.0
San Marino,80+,1947.0
Saudi Arabia,Total,33413660.0
Saudi Arabia,< 30,16299463.0
Saudi Arabia,30s,6835445.0
Saudi Arabia,40s,5617841.0
Saudi Arabia,50s,2824195.0
Saudi Arabia,60s,1185165.0
Saudi Arabia,70s,451097.0
Saudi Arabia,80+,200454.0
Senegal,Total,13508715.0
Senegal,< 30,8978087.0
Senegal,30s,8860856.0
Senegal,40s,981240.0
Senegal,50s,694361.0
Senegal,60s,878671.0
Senegal,70s,208755.0
Senegal,80+,98630.0
Serbia,Total,7001444.0
Serbia,< 30,2181203.0
Serbia,30s,967875.0
Serbia,40s,966253.0
Serbia,50s,958561.0
Serbia,60s,1034478.0
Serbia,70s,578595.0
Serbia,80+,314479.0
Seychelles,Total,95843.0
Seychelles,< 30,32900.0
Seychelles,30s,17313.0
Seychelles,40s,15298.0
Seychelles,50s,15280.0
Seychelles,60s,9675.0
Seychelles,70s,3614.0
Seychelles,80+,1763.0
Singapore,Total,3994283.0
Singapore,< 30,1364791.0
Singapore,30s,4926042.0
Singapore,40s,611478.0
Singapore,50s,613355.0
Singapore,60s,1087866.0
Singapore,70s,228873.0
Singapore,80+,106880.0
Slovakia,Total,5443120.0
Slovakia,< 30,1826341.0
Slovakia,30s,874811.0
Slovakia,40s,811753.0
Slovakia,50s,718405.0
Slovakia,60s,677096.0
Slovakia,70s,358506.0
Slovakia,80+,176208.0
Slovenia,Total,2066880.0
Slovenia,< 30,622707.0
Slovenia,30s,293359.0
Slovenia,40s,299618.0
Slovenia,50s,303469.0
Slovenia,60s,272674.0
Slovenia,70s,166800.0
Slovenia,80+,108253.0
South Africa,Total,51770560.0
South Africa,< 30,30537427.0
South Africa,30s,7496777.0
South Africa,40s,5568900.0
South Africa,50s,4015696.0
South Africa,60s,2343573.0
South Africa,70s,1229596.0
South Africa,80+,578583.0
Spain,Total,46658447.0
Spain,< 30,14016234.0
Spain,30s,6431119.0
Spain,40s,7740481.0
Spain,50s,6797280.0
Spain,60s,5119970.0
Spain,70s,3665248.0
Spain,80+,2888115.0
Sri Lanka,Total,20359439.0
Sri Lanka,< 30,9861646.0
Sri Lanka,30s,3048492.0
Sri Lanka,40s,2645039.0
Sri Lanka,50s,2283689.0
Sri Lanka,60s,1551199.0
Sri Lanka,70s,695600.0
Sri Lanka,80+,290470.0
Sudan,Total,39647621.0
Sudan,< 30,27515642.0
Sudan,30s,4847230.0
Sudan,40s,3335289.0
Sudan,50s,2075061.0
Sudan,60s,1128916.0
Sudan,70s,529443.0
Sudan,80+,216042.0
Suriname,Total,583200.0
Suriname,< 30,293500.0
Suriname,30s,84400.0
Suriname,40s,75400.0
Suriname,50s,61200.0
Suriname,60s,40000.0
Suriname,70s,20500.0
Suriname,80+,8200.0
Sweden,Total,10120242.0
Sweden,< 30,3690437.0
Sweden,30s,1290686.0
Sweden,40s,1298352.0
Sweden,50s,1269914.0
Sweden,60s,1125099.0
Sweden,70s,933084.0
Sweden,80+,512670.0
Switzerland,Total,8544527.0
Switzerland,< 30,2767387.0
Switzerland,30s,1207291.0
Switzerland,40s,1206179.0
Switzerland,50s,1262051.0
Switzerland,60s,930732.0
Switzerland,70s,697584.0
Switzerland,80+,438605.0
Tanzania,Total,44928923.0
Tanzania,< 30,31680825.0
Tanzania,30s,5350630.0
Tanzania,40s,3405033.0
Tanzania,50s,1984867.0
Tanzania,60s,1263553.0
Tanzania,70s,769962.0
Tanzania,80+,474053.0
Thailand,Total,65981659.0
Thailand,< 30,27370497.599999998
Thailand,30s,11009765.8
Thailand,40s,10938077.6
Thailand,50s,8155120.8
Thailand,60s,4698749.6
Thailand,70s,2731023.9
Thailand,80+,1078423.0
Timor-Leste,Total,1183643.0
Timor-Leste,< 30,799482.0
Timor-Leste,30s,121285.0
Timor-Leste,40s,103194.0
Timor-Leste,50s,62740.0
Timor-Leste,60s,59418.0
Timor-Leste,70s,28114.0
Timor-Leste,80+,9410.0
Togo,Total,6191155.0
Togo,< 30,4249165.0
Togo,30s,776388.0
Togo,40s,520030.0
Togo,50s,294183.0
Togo,60s,169018.0
Togo,70s,95330.0
Togo,80+,73591.0
Trinidad and Tobago,Total,1359193.0
Trinidad and Tobago,< 30,623860.0
Trinidad and Tobago,30s,202769.0
Trinidad and Tobago,40s,186556.0
Trinidad and Tobago,50s,164165.0
Trinidad and Tobago,60s,181843.0
Tunisia,Total,10982753.0
Tunisia,< 30,5298333.0
Tunisia,30s,1800767.0
Tunisia,40s,1410804.0
Tunisia,50s,1185776.0
Tunisia,60s,687727.0
Tunisia,70s,387577.0
Tunisia,80+,211769.0
Turkey,Total,75175826.5
Turkey,< 30,37727240.0
Turkey,30s,12202240.0
Turkey,40s,9660169.5
Turkey,50s,7382315.5
Turkey,60s,4515783.0
Turkey,70s,2585965.0
Turkey,80+,1102113.5
US,Total,327167434.0
US,< 30,127418000.0
US,30s,43699605.0
US,40s,40461436.0
US,50s,42825549.0
US,60s,37418544.0
US,70s,22672489.0
US,80+,12671811.0
Uganda,Total,34634650.0
Uganda,< 30,26234569.0
Uganda,30s,3487576.0
Uganda,40s,2193541.0
Uganda,50s,1288387.0
Uganda,60s,741203.0
Uganda,70s,427709.0
Uganda,80+,261665.0
Ukraine,Total,42216766.0
Ukraine,< 30,13740593.0
Ukraine,30s,6885439.0
Ukraine,40s,5934476.0
Ukraine,50s,5976513.0
Ukraine,60s,5076996.0
Ukraine,70s,2924847.0
Ukraine,80+,1677902.0
United Kingdom,Total,66273576.0
United Kingdom,< 30,24289770.0
United Kingdom,30s,8776124.0
United Kingdom,40s,8566903.0
United Kingdom,50s,8911564.0
United Kingdom,60s,7075336.0
United Kingdom,70s,5392688.0
United Kingdom,80+,3261191.0
Uruguay,Total,3518552.48924984
Uruguay,< 30,1484938.7599482455
Uruguay,30s,482834.2786802155
Uruguay,40s,460244.41153132747
Uruguay,50s,402035.3489995813
Uruguay,60s,330482.8263069941
Uruguay,70s,218938.8780666805
Uruguay,80+,139077.98571679744
Uzbekistan,Total,32388563.0
Uzbekistan,< 30,18184841.0
Uzbekistan,30s,5102182.0
Uzbekistan,40s,3733945.0
Uzbekistan,50s,3007048.0
Uzbekistan,60s,1538002.0
Uzbekistan,70s,544093.0
Uzbekistan,80+,278452.0
Venezuela,Total,32064741.0
Venezuela,< 30,16303737.0
Venezuela,30s,4926625.0
Venezuela,40s,4003970.0
Venezuela,50s,3310635.0
Venezuela,60s,2047451.0
Venezuela,70s,1009231.0
Venezuela,80+,463092.0
Vietnam,Total,96208984.0
Vietnam,< 30,45001779.0
Vietnam,30s,16086196.0
Vietnam,40s,12941590.0
Vietnam,50s,10770734.0
Vietnam,60s,6677305.0
Vietnam,70s,2812661.0
Vietnam,80+,1918719.0
Zambia,Total,13092666.0
Zambia,< 30,9726003.0
Zambia,30s,1523229.0
Zambia,40s,849402.0
Zambia,50s,479026.0
Zambia,60s,291494.0
Zambia,70s,156411.0
Zambia,80+,67101.0
Zimbabwe,Total,13061239.0
Zimbabwe,< 30,9111669.0
Zimbabwe,30s,1657488.0
Zimbabwe,40s,872800.0
Zimbabwe,50s,633199.0
Zimbabwe,60s,393829.0
Zimbabwe,70s,453660.0
Zimbabwe,80+,137825.0
